[
  {
    "promo_name":"สินเชื่อเคหะ กตัญญูดูแลบุพการี",
    "promo_description":"ให้กู้ได้ทุกกรณีรวมกันไม่เกินร้อยละ 100 ของราคาซื้อขายหรือราคาประเมินหลักทรัพย์",
    "promo_code":97612,
    "imageFile":"iulwvkrgvh"
  },

  {
    "promo_name":"สินเชื่อบ้านบุพเพสันนิวาส",
    "promo_description":"สานฝันเรื่องบ้านให้เป็นจริง ไม่ว่าจะสร้าง ซื้อ หรือรีไฟแนนซ์ วงกู้สูงดอกเบื้ยต่ำ",
    "promo_code":23464,
    "imageFile":"bmecqasxnl"
  },

  {
    "promo_name":"สินเชื่อ OD Happy Life",
    "promo_description":"สินเชื่อระยะยาว สำรับใช้ในการอุปโภค บริโภค",
    "promo_code":20937,
    "imageFile":"filbowabyn"
  },

  {
    "promo_name":"สินเชื่อเคหะเพิ่มยอด",
    "promo_description":"เพื่อพัฒนาคุณภาพชีวิตส่วนบุคคล ยกเว้น ซื้อที่ดินว่างเปล่า และธุรกิจที่มีความเสี่ยง",
    "promo_code":54081,
    "imageFile":"lthoddllhy"
  },

  {
    "promo_name":"สินเชื่อบ้านสมใจ",
    "promo_description":"สานฝันเรื่องบ้านให้เป็นจริง สินเชื่อบ้านสร้างสมใจ ดอกเบี้ยต่ำ",
    "promo_code":26465,
    "imageFile":"lhfkypuqlb"
  },

  {
    "promo_name":"สินเชื่อประชารัฐสูงวัย",
    "promo_description":"เพื่อเป็นทุน หรือเป็นเงินทุนหมุนเวียนในการประกอบธุรกิจทดแทนการใช้หนี้นอกระบบ",
    "promo_code":96961,
    "imageFile":"xrpsslhzjc"
  },

  {
    "promo_name":"สินเชื่อ Dream Homes",
    "promo_description":"สานฝันเรื่องบ้านให้เป็นจริง ไม่ว่าจะสร้าง ซื้อ หรือรีไฟแนนซ์ วงกู้สูงดอกเบื้ยต่ำ",
    "promo_code":89705,
    "imageFile":"ioaoidkluv"
  },

  {
    "promo_name":"สินเชื่อชีวิตสุขสันต์",
    "promo_description":"เพิ่มสีสันให้ชีวิต ด้วยสินเชื่อชีวิตสุขสันต์ สำหรับใช้จ่ายเพื่อการศึกษา แต่งงาน ท่องเที่ยว",
    "promo_code":22206,
    "imageFile":"ocpkxgifvj"
  },

  {
    "promo_name":"สินเชื่อบ้านจัดสรร",
    "promo_description":"สานฝันเรื่องบ้านให้เป็นจริง ไม่ว่าจะสร้าง ซื้อ หรือรีไฟแนนซ์ วงกู้สูงดอกเบื้ยต่ำ",
    "promo_code":27413,
    "imageFile":"qqvdshqhio"
  },

  {
    "promo_name":"สินเชื่อสวัสดิการx2",
    "promo_description":"วงเงินสินเชื่อพิเศษสุด สำหรับข้าราชการ พนักงานรัฐวิสาหกิจ หรือพนักงานราชการ",
    "promo_code":24271,
    "imageFile":"euckueambc"
  }
]